Event ID,Event Name,Registered,Present,Absent,Attendance Rate (%),Status
1,Graduation Ceremony 2026,2,1,1,50.00,Fair
2,Python Programming Workshop,2,2,0,100.00,Excellent
3,AI and Machine Learning Seminar,2,1,1,50.00,Fair
4,Student Leadership Training,2,1,1,50.00,Fair
5,Campus Clean-Up Drive,2,2,0,100.00,Excellent
6,Research Proposal Defense,2,1,1,50.00,Fair
7,Hackathon 2026,2,1,1,50.00,Fair
8,Career Fair,2,2,0,100.00,Excellent
9,Information Technology Symposium,2,1,1,50.00,Fair
10,Freshmen Orientation,2,1,1,50.00,Fair
11,Web Development Bootcamp,2,2,0,100.00,Excellent
12,Cybersecurity Awareness Seminar,2,1,1,50.00,Fair
13,Chess Tournament,2,1,1,50.00,Fair
14,Faculty Meeting,2,2,0,100.00,Excellent
15,Entrepreneurship Summit,2,1,1,50.00,Fair
16,First Aid Training,2,1,1,50.00,Fair
17,Tree Planting Activity,2,2,0,100.00,Excellent
18,Christmas Outreach Program,2,1,1,50.00,Fair
19,Christmas Festival,2,1,1,50.00,Fair
20,AI Seminar,2,2,0,100.00,Excellent
