Participant ID,Event ID,Name,Email,Contact,Registration Date,Attendance
1,1,Zaza Dela Cruz,zaza.delacruz@gmail.com,09171234501,2026-07-01 09:15:21,Present
2,1,Maria Santos,maria.santos@gmail.com,09171234502,2026-07-01 09:18:05,Absent
3,2,Carlo Reyes,carlo.reyes@gmail.com,09171234503,2026-07-02 08:20:11,Present
4,2,Angela Cruz,angela.cruz@gmail.com,09171234504,2026-07-02 08:25:47,Present
5,3,Joshua Ramos,joshua.ramos@gmail.com,09171234505,2026-07-03 10:00:15,Absent
6,3,Patricia Lim,patricia.lim@gmail.com,09171234506,2026-07-03 10:04:32,Present
7,4,Mark Villanueva,mark.v@gmail.com,09171234507,2026-07-04 09:13:44,Present
8,4,Nicole Mendoza,nicole.m@gmail.com,09171234508,2026-07-04 09:20:10,Absent
9,5,Christian Flores,christian.f@gmail.com,09171234509,2026-07-05 07:12:51,Present
10,5,Alyssa Gomez,alyssa.g@gmail.com,09171234510,2026-07-05 07:18:25,Present
11,6,Kevin Torres,kevin.t@gmail.com,09171234511,2026-07-06 13:05:00,Absent
12,6,Jasmine Perez,jasmine.p@gmail.com,09171234512,2026-07-06 13:09:43,Present
13,7,Bryan Castillo,bryan.c@gmail.com,09171234513,2026-07-07 08:30:14,Present
14,7,Ella Garcia,ella.g@gmail.com,09171234514,2026-07-07 08:35:40,Absent
15,8,Nathan Lopez,nathan.l@gmail.com,09171234515,2026-07-08 09:05:30,Present
16,8,Sophia Diaz,sophia.d@gmail.com,09171234516,2026-07-08 09:08:54,Present
17,9,Daniel Bautista,daniel.b@gmail.com,09171234517,2026-07-09 09:20:18,Absent
18,9,Faith Navarro,faith.n@gmail.com,09171234518,2026-07-09 09:27:46,Present
19,10,Ivan Kly Lamason,ivan.lamason@gmail.com,09171234519,2026-07-10 08:10:15,Present
20,10,John Michael Cruz,john.cruz@gmail.com,09171234520,2026-07-10 08:15:50,Absent
21,11,Kimberly Tan,kim.tan@gmail.com,09171234521,2026-07-11 09:10:30,Present
22,11,Jerome Aquino,jerome.a@gmail.com,09171234522,2026-07-11 09:18:12,Present
23,12,Ralph Mendoza,ralph.m@gmail.com,09171234523,2026-07-12 14:00:01,Absent
24,12,Trisha Velasco,trisha.v@gmail.com,09171234524,2026-07-12 14:06:18,Present
25,13,Noel Santos,noel.s@gmail.com,09171234525,2026-07-13 09:15:40,Present
26,13,Karen Flores,karen.f@gmail.com,09171234526,2026-07-13 09:18:54,Absent
27,14,Paul Ramos,paul.r@gmail.com,09171234527,2026-07-14 15:01:17,Present
28,14,Liza Rivera,liza.r@gmail.com,09171234528,2026-07-14 15:08:41,Present
29,15,Miguel Hernandez,miguel.h@gmail.com,09171234529,2026-07-15 09:02:05,Absent
30,15,Grace Morales,grace.m@gmail.com,09171234530,2026-07-15 09:07:58,Present
31,16,Ryan Domingo,ryan.d@gmail.com,09171234531,2026-07-16 08:35:12,Present
32,16,Claire Torres,claire.t@gmail.com,09171234532,2026-07-16 08:39:44,Absent
33,17,Sean Villanueva,sean.v@gmail.com,09171234533,2026-07-17 07:15:55,Present
34,17,Bea Fernandez,bea.f@gmail.com,09171234534,2026-07-17 07:20:13,Present
35,18,Leo Castillo,leo.c@gmail.com,09171234535,2026-07-18 09:00:00,Absent
36,18,Camille Reyes,camille.r@gmail.com,09171234536,2026-07-18 09:04:36,Present
37,19,Adrian Lim,adrian.l@gmail.com,09171234537,2026-07-19 18:01:18,Present
38,19,Shane Gonzales,shane.g@gmail.com,09171234538,2026-07-19 18:05:22,Absent
39,20,Joshua Navarro,joshua.n@gmail.com,09171234539,2026-07-20 09:10:45,Present
40,20,Princess Aquino,princess.a@gmail.com,09171234540,2026-07-20 09:16:30,Present
